"ID bài viết","ID Trang","Tên Trang","Tiêu đề","Mô tả","Thời lượng (giây)","Thời gian đăng","Loại chú thích","Liên kết vĩnh viễn","Là nội dung đăng chéo","Là bài viết chia sẻ","Loại bài viết","Ngôn ngữ","Nhãn tùy chỉnh","Trạng thái nội dung được tài trợ","Bình luận về dữ liệu",Ngày,"Lượt xem","Số người tiếp cận","Cảm xúc, bình luận và lượt chia sẻ","Cảm xúc","Bình luận","Lượt chia sẻ","Số Giây xem","Số Giây xem trung bình","Thu nhập ước tính ((USD))","CPM quảng cáo ((USD))","Lượt hiển thị quảng cáo","Tổng lượt click","Lượt click khác","Lượt click vào liên kết","Tổng số lượt click của người dùng khớp với đối tượng nhắm mục tiêu (Photo Click)","Lượt xem từ Bài viết tự nhiên","Lượt xem từ Bài viết đã quảng cáo","Số người tiếp cận từ Bài viết tự nhiên","Số người tiếp cận từ Bài viết đã quảng cáo","Lượt xem video trong tối thiểu 3 giây","Lượt xem video trong tối thiểu 1 phút","Số người xem trong tối thiểu 3 giây","Số người xem trong tối thiểu 1 phút","Lượt xem video trong tối thiểu 3 giây từ Bài viết tự nhiên","Lượt xem video trong tối thiểu 3 giây từ Bài viết đã quảng cáo","Lượt xem video trong tối thiểu 1 phút từ Đề xuất","Lượt xem video trong tối thiểu 1 phút từ Lượt chia sẻ","Lượt xem video trong tối thiểu 1 phút từ Người theo dõi","Lượt xem video trong tối thiểu 1 phút từ Bài viết đã quảng cáo","Số Giây xem từ Người theo dõi","Số Giây xem từ Đề xuất","Số Giây xem từ Lượt chia sẻ","Số Giây xem từ Bài viết đã quảng cáo","Số Giây xem trung bình từ Lượt chia sẻ","Số Giây xem trung bình từ Đề xuất","Số Giây xem trung bình từ Người theo dõi","Số Giây xem trung bình từ Bài viết đã quảng cáo","Phần trăm tổng số lượt xem ở quãng 0","Phần trăm tổng số lượt xem ở quãng 1","Phần trăm tổng số lượt xem ở quãng 2","Phần trăm tổng số lượt xem ở quãng 3","Phần trăm tổng số lượt xem ở quãng 4","Phần trăm tổng số lượt xem ở quãng 5","Phần trăm tổng số lượt xem ở quãng 6","Phần trăm tổng số lượt xem ở quãng 7","Phần trăm tổng số lượt xem ở quãng 8","Phần trăm tổng số lượt xem ở quãng 9","Phần trăm tổng số lượt xem ở quãng 10","Phần trăm tổng số lượt xem ở quãng 11","Phần trăm tổng số lượt xem ở quãng 12","Phần trăm tổng số lượt xem ở quãng 13","Phần trăm tổng số lượt xem ở quãng 14","Phần trăm tổng số lượt xem ở quãng 15","Phần trăm tổng số lượt xem ở quãng 16","Phần trăm tổng số lượt xem ở quãng 17","Phần trăm tổng số lượt xem ở quãng 18","Phần trăm tổng số lượt xem ở quãng 19","Phần trăm tổng số lượt xem ở quãng 20","Phần trăm tổng số lượt xem ở quãng 21","Phần trăm tổng số lượt xem ở quãng 22","Phần trăm tổng số lượt xem ở quãng 23","Phần trăm tổng số lượt xem ở quãng 24","Phần trăm tổng số lượt xem ở quãng 25","Phần trăm tổng số lượt xem ở quãng 26","Phần trăm tổng số lượt xem ở quãng 27","Phần trăm tổng số lượt xem ở quãng 28","Phần trăm tổng số lượt xem ở quãng 29","Phần trăm tổng số lượt xem ở quãng 30","Phần trăm tổng số lượt xem ở quãng 31","Phần trăm tổng số lượt xem ở quãng 32","Phần trăm tổng số lượt xem ở quãng 33","Phần trăm tổng số lượt xem ở quãng 34","Phần trăm tổng số lượt xem ở quãng 35","Phần trăm tổng số lượt xem ở quãng 36","Phần trăm tổng số lượt xem ở quãng 37","Phần trăm tổng số lượt xem ở quãng 38","Phần trăm tổng số lượt xem ở quãng 39","Phần trăm tổng số lượt xem ở quãng 40","Phần trăm số lượt xem trong tối thiểu 15 giây ở quãng 0","Phần trăm số lượt xem trong tối thiểu 15 giây ở quãng 1","Phần trăm số lượt xem trong tối thiểu 15 giây ở quãng 2","Phần trăm số lượt xem trong tối thiểu 15 giây ở quãng 3","Phần trăm số lượt xem trong tối thiểu 15 giây ở quãng 4","Phần trăm số lượt xem trong tối thiểu 15 giây ở quãng 5","Phần trăm số lượt xem trong tối thiểu 15 giây ở quãng 6","Phần trăm số lượt xem trong tối thiểu 15 giây ở quãng 7","Phần trăm số lượt xem trong tối thiểu 15 giây ở quãng 8","Phần trăm số lượt xem trong tối thiểu 15 giây ở quãng 9","Phần trăm số lượt xem trong tối thiểu 15 giây ở quãng 10","Phần trăm số lượt xem trong tối thiểu 15 giây ở quãng 11","Phần trăm số lượt xem trong tối thiểu 15 giây ở quãng 12","Phần trăm số lượt xem trong tối thiểu 15 giây ở quãng 13","Phần trăm số lượt xem trong tối thiểu 15 giây ở quãng 14","Phần trăm số lượt xem trong tối thiểu 15 giây ở quãng 15","Phần trăm số lượt xem trong tối thiểu 15 giây ở quãng 16","Phần trăm số lượt xem trong tối thiểu 15 giây ở quãng 17","Phần trăm số lượt xem trong tối thiểu 15 giây ở quãng 18","Phần trăm số lượt xem trong tối thiểu 15 giây ở quãng 19","Phần trăm số lượt xem trong tối thiểu 15 giây ở quãng 20","Phần trăm số lượt xem trong tối thiểu 15 giây ở quãng 21","Phần trăm số lượt xem trong tối thiểu 15 giây ở quãng 22","Phần trăm số lượt xem trong tối thiểu 15 giây ở quãng 23","Phần trăm số lượt xem trong tối thiểu 15 giây ở quãng 24","Phần trăm số lượt xem trong tối thiểu 15 giây ở quãng 25","Phần trăm số lượt xem trong tối thiểu 15 giây ở quãng 26","Phần trăm số lượt xem trong tối thiểu 15 giây ở quãng 27","Phần trăm số lượt xem trong tối thiểu 15 giây ở quãng 28","Phần trăm số lượt xem trong tối thiểu 15 giây ở quãng 29","Phần trăm số lượt xem trong tối thiểu 15 giây ở quãng 30","Phần trăm số lượt xem trong tối thiểu 15 giây ở quãng 31","Phần trăm số lượt xem trong tối thiểu 15 giây ở quãng 32","Phần trăm số lượt xem trong tối thiểu 15 giây ở quãng 33","Phần trăm số lượt xem trong tối thiểu 15 giây ở quãng 34","Phần trăm số lượt xem trong tối thiểu 15 giây ở quãng 35","Phần trăm số lượt xem trong tối thiểu 15 giây ở quãng 36","Phần trăm số lượt xem trong tối thiểu 15 giây ở quãng 37","Phần trăm số lượt xem trong tối thiểu 15 giây ở quãng 38","Phần trăm số lượt xem trong tối thiểu 15 giây ở quãng 39","Phần trăm số lượt xem trong tối thiểu 15 giây ở quãng 40","Số phản hồi tiêu cực từ người dùng","Số phản hồi tiêu cực của người dùng","Số lượt xem video trong tối thiểu 3 giây theo đối tượng hàng đầu (F, 25-34)","Số lượt xem video trong tối thiểu 3 giây theo đối tượng hàng đầu (M, 25-34)","Số lượt xem video trong tối thiểu 3 giây theo đối tượng hàng đầu (F, 18-24)","Số lượt xem video trong tối thiểu 3 giây theo đối tượng hàng đầu (M, 18-24)","Số lượt xem video trong tối thiểu 3 giây theo đối tượng hàng đầu (F, 35-44)","Số lượt xem video trong tối thiểu 3 giây theo đối tượng hàng đầu (M, 35-44)","Số lượt xem video trong tối thiểu 3 giây theo đối tượng hàng đầu (M, 55-64)","Số lượt xem video trong tối thiểu 3 giây theo đối tượng hàng đầu (F, 45-54)","Số lượt xem video trong tối thiểu 3 giây theo đối tượng hàng đầu (M, 45-54)","Số lượt xem video trong tối thiểu 3 giây theo đối tượng hàng đầu (F, 65+)","Số lượt xem video trong tối thiểu 3 giây theo đối tượng hàng đầu (F, 55-64)","Số lượt xem video trong tối thiểu 3 giây theo đối tượng hàng đầu (M, 65+)","Số lượt xem video trong tối thiểu 3 giây theo quốc gia (Vietnam (VN))","Số lượt xem video trong tối thiểu 3 giây theo quốc gia (Japan (JP))","Số lượt xem video trong tối thiểu 3 giây theo quốc gia (United States (US))","Số lượt xem video trong tối thiểu 3 giây theo quốc gia (Germany (DE))","Số lượt xem video trong tối thiểu 3 giây theo quốc gia (United Kingdom (GB))","Số lượt xem video trong tối thiểu 3 giây theo quốc gia (Australia (AU))","Số lượt xem video trong tối thiểu 3 giây theo quốc gia (Canada (CA))","Số lượt xem video trong tối thiểu 3 giây theo quốc gia (Taiwan (TW))","Số lượt xem video trong tối thiểu 3 giây theo quốc gia (Thailand (TH))","Số lượt xem video trong tối thiểu 3 giây theo quốc gia (France (FR))","Số lượt xem video trong tối thiểu 3 giây theo quốc gia (Netherlands (NL))","Số lượt xem video trong tối thiểu 3 giây theo quốc gia (Italy (IT))","Số lượt xem video trong tối thiểu 3 giây theo quốc gia (Switzerland (CH))","Số lượt xem video trong tối thiểu 3 giây theo quốc gia (South Korea (KR))","Số lượt xem video trong tối thiểu 3 giây theo quốc gia (Belgium (BE))","Số lượt xem video trong tối thiểu 3 giây theo quốc gia (New Zealand (NZ))","Số lượt xem video trong tối thiểu 3 giây theo quốc gia (Finland (FI))","Số lượt xem video trong tối thiểu 3 giây theo quốc gia (Poland (PL))","Số lượt xem video trong tối thiểu 3 giây theo quốc gia (Malaysia (MY))","Số lượt xem video trong tối thiểu 3 giây theo quốc gia (Cambodia (KH))","Số lượt xem video trong tối thiểu 3 giây theo quốc gia (Hong Kong (HK))","Số lượt xem video trong tối thiểu 3 giây theo quốc gia (Russia (RU))","Số lượt xem video trong tối thiểu 3 giây theo quốc gia (Hungary (HU))","Số lượt xem video trong tối thiểu 3 giây theo quốc gia (Mexico (MX))","Số lượt xem video trong tối thiểu 3 giây theo quốc gia (Singapore (SG))","Số lượt xem video trong tối thiểu 3 giây theo quốc gia (Indonesia (ID))","Số lượt xem video trong tối thiểu 3 giây theo quốc gia (Armenia (AM))","Số lượt xem video trong tối thiểu 3 giây theo quốc gia (Latvia (LV))","Số lượt xem video trong tối thiểu 3 giây theo quốc gia (Philippines (PH))","Số lượt xem video trong tối thiểu 3 giây theo quốc gia (Brazil (BR))","Số lượt xem video trong tối thiểu 3 giây theo quốc gia (Peru (PE))","Số lượt xem video trong tối thiểu 3 giây theo quốc gia (Mongolia (MN))","Số lượt xem video trong tối thiểu 3 giây theo quốc gia (Colombia (CO))","Số lượt xem video trong tối thiểu 3 giây theo quốc gia (Laos (LA))","Số lượt xem video trong tối thiểu 3 giây theo quốc gia (Myanmar (MM))","Số lượt xem video trong tối thiểu 3 giây theo quốc gia (Czech Republic (CZ))","Số lượt xem video trong tối thiểu 3 giây theo quốc gia (Venezuela (VE))","Số lượt xem video trong tối thiểu 3 giây theo quốc gia (Bolivia (BO))","Số lượt xem video trong tối thiểu 3 giây theo quốc gia (Chile (CL))","Số lượt xem video trong tối thiểu 3 giây theo quốc gia (Egypt (EG))","Số lượt xem video trong tối thiểu 3 giây theo quốc gia (Argentina (AR))","Số lượt xem video trong tối thiểu 3 giây theo quốc gia (Sweden (SE))","Số lượt xem video trong tối thiểu 3 giây theo quốc gia (Denmark (DK))","Số lượt xem video trong tối thiểu 3 giây theo quốc gia (Spain (ES))","Số lượt xem video trong tối thiểu 3 giây theo quốc gia (Ecuador (EC))","Số lượt xem video trong tối thiểu 3 giây theo quốc gia (Guatemala (GT))","Số lượt xem video trong tối thiểu 3 giây theo quốc gia (India (IN))","Số lượt xem video trong tối thiểu 3 giây theo quốc gia (Ukraine (UA))","Số lượt xem video trong tối thiểu 3 giây theo quốc gia (Bangladesh (BD))","Số lượt xem video trong tối thiểu 3 giây theo quốc gia (Ireland (IE))","Số lượt xem video trong tối thiểu 3 giây theo quốc gia (United Arab Emirates (AE))","Số lượt xem video trong tối thiểu 3 giây theo quốc gia (Madagascar (MG))","Số lượt xem video trong tối thiểu 3 giây theo quốc gia (Norway (NO))","Số lượt xem video trong tối thiểu 3 giây theo quốc gia (China (CN))","Số lượt xem video trong tối thiểu 3 giây theo quốc gia (Slovakia (SK))","Số lượt xem video trong tối thiểu 3 giây theo quốc gia (Turkey (TR))","Số lượt xem video trong tối thiểu 3 giây theo quốc gia (Cuba (CU))","Số lượt xem video trong tối thiểu 3 giây theo quốc gia (Bulgaria (BG))","Số lượt xem video trong tối thiểu 3 giây theo quốc gia (Afghanistan (AF))","Số lượt xem video trong tối thiểu 3 giây theo quốc gia (Algeria (DZ))"
1395825555678121,100057520686184,DayDreamer,"2D animation test của Hoppers (2026) - Một Pixar nhưng lại rất Ghibli

Dưới đây là đoạn animation test phong cách 2D của bộ phim mới nhất của nhà Pixar là Hoppers được làm từ 2020.  Nếu nhìn thoáng qua, có khi ta lại tưởng đây là một cảnh trong phim Ghibli hoặc một tác phẩm hoạt hình nào đó của Nhật chứ không phải là của Pixar. Công nghệ hoạt hình 3D hiện đại và đẹp đấy, nhưng nhiều khi chỉ muốn tìm lại artstyle 2D như những bộ phim hoạt hình hồi xưa mà thôi. 

Credit: Lorenzo Fresta","2D animation test của Hoppers (2026) - Một Pixar nhưng lại rất Ghibli

Dưới đây là đoạn animation test phong cách 2D của bộ phim mới nhất của nhà Pixar là Hoppers được làm từ 2020.  Nếu nhìn thoáng qua, có khi ta lại tưởng đây là một cảnh trong phim Ghibli hoặc một tác phẩm hoạt hình nào đó của Nhật chứ không phải là của Pixar. Công nghệ hoạt hình 3D hiện đại và đẹp đấy, nhưng nhiều khi chỉ muốn tìm lại artstyle 2D như những bộ phim hoạt hình hồi xưa mà thôi. 

Credit: Lorenzo Fresta",29,"03/24/2026 06:13",N/A,https://www.facebook.com/reel/708647102271620/,0,0,Video,,,,,"Trọn đời",2948,2246,70,67,0,3,13739.06,5.61,0.02,0,0,34,34,,,2939,0,2246,0,846,0,797,0,846,0,0,0,0,0,7705.365,5820.218,213.477,0,106.739,6.07,5.179,0,1,1,1,1,0.9,0.76,0.67,0.6,0.54,0.48,0.44,0.41,0.38,0.34,0.31,0.28,0.26,0.24,0.23,0.21,0.19,0.18,0.17,0.16,0.16,0.15,0.14,0.13,0.13,0.12,0.11,0.1,0.1,,,,,,,,,1,1,1,1,1,1,1,1,1,1,1,1,1,1,1,0.99,0.99,0.98,0.92,0.85,0.79,0.71,0.67,0.66,0.63,0.6,0.56,0.53,0.52,0.48,0.45,0.41,0.41,,,,,,,,,0,0,263,180,145,105,74,23,5,4,4,2,1,1,767,21,11,8,6,5,5,3,3,3,2,2,2,1,1,1,1,1,1,1,1,,,,,,,,,,,,,,,,,,,,,,,,,,,,,,,,,,,,,,,
899253099613972,100085878705330,"Click Studio","Cyberpunk Android - Realtime UE 5.7 Character

Một nhân vật mang phong cách game Cyberpunk của character artist Nicole Cárdenas. Workflow của cô như sau:
・Cloth simulation: Marvelous Design
・Hardsurface Modeling: 3Dmax
・Sculpted: ZBrush
・Retopology: Maya
・Texture: Substance Painter
・Rig và Render: Unreal Engine 5.7",,0,"03/22/2026 19:00",N/A,https://www.facebook.com/click.studio.DTU/posts/pfbid0Cs82TZqRNeky2CMgjxxTTYeraTM1Z272F9HxqH4Ma5HuMgE2q9EpWuRLcbK5rEFbl,0,0,Ảnh,,,,,"Trọn đời",384,200,7,6,1,0,,,,,,14,3,,11,384,0,200,0,0,0,0,0,0,0,0,0,0,0,0,0,0,0,0,0,0,0,,,,,,,,,,,,,,,,,,,,,,,,,,,,,,,,,,,,,,,,,,,,,,,,,,,,,,,,,,,,,,,,,,,,,,,,,,,,,,,,,,,0,0,,,,,,,,,,,,,,,,,,,,,,,,,,,,,,,,,,,,,,,,,,,,,,,,,,,,,,,,,,,,,,,,,,,,,,,,
920600244145924,100085878705330,"Click Studio","HERITAGE - BLENDER SHORT 3D ANIMATION

Heritage là một đoạn phim hoạt hình 3D ngắn được làm bằng Blender của 3D artist Josué Zabeau và sound designer Lucas Fiorella. Tác giả chia sẻ rằng tác phẩm này ban đầu chỉ là một dự án cá nhân để anh cải thiện kỹ năng animation và tạo model. Nhưng rồi nó dần phát triển trở thành một dự án để anh khám phá đề tài về di sản và sự kiên định được kể qua những chuyển động mạnh mẽ và thứ tốc độ bứt tốc trong đoạn phim này.

Credit: Josué Zabea

#ClickStudio #DuyTanUniversity #DTU #3danimation #speed #racing #VNRacing #blender #animation","HERITAGE - BLENDER SHORT 3D ANIMATION

Heritage là một đoạn phim hoạt hình 3D ngắn được làm bằng Blender của 3D artist Josué Zabeau và sound designer Lucas Fiorella. Tác giả chia sẻ rằng tác phẩm này ban đầu chỉ là một dự án cá nhân để anh cải thiện kỹ năng animation và tạo model. Nhưng rồi nó dần phát triển trở thành một dự án để anh khám phá đề tài về di sản và sự kiên định được kể qua những chuyển động mạnh mẽ và thứ tốc độ bứt tốc trong đoạn phim này.

Credit: Josué Zabea

#ClickStudio #DuyTanUniversity #DTU #3danimation #speed #racing #VNRacing #blender #animation",151,"04/19/2026 06:00",N/A,https://www.facebook.com/reel/1316422940362742/,1,0,Video,,,,,"Trọn đời",363,287,13,13,0,0,2272.713,8.355,0,0,0,12,12,,,311,0,287,0,108,6,106,6,108,0,0,0,0,0,672.633,1600.08,0,0,0,7.112,14.312,0,1,0.93,0.56,0.37,0.3,0.25,0.21,0.18,0.17,0.14,0.12,0.09,0.09,0.1,0.07,0.07,0.06,0.07,0.07,0.07,0.06,0.05,0.05,0.05,0.05,0.03,0.02,0.03,0.03,0.03,0.02,0.02,0.02,0.02,0.02,0.02,0.01,0.01,0.01,0.01,0.01,1,1,0.97,0.97,0.97,0.77,0.69,0.6,0.51,0.49,0.37,0.31,0.31,0.31,0.26,0.2,0.2,0.23,0.23,0.23,0.2,0.17,0.17,0.14,0.17,0.09,0.09,0.11,0.09,0.09,0.06,0.09,0.09,0.06,0.06,0.06,0.03,0.03,0.03,0.03,0.03,0,0,11,35,9,45,,3,,,,,,,108,,,,,,,,,,,,,,,,,,,,,,,,,,,,,,,,,,,,,,,,,,,,,,,,,,,,,,,,,,,
1414798443780832,100057520686184,DayDreamer,"CẢNH LÀM SUSHI TRONG ISLE OF DOGS

Đối với mình, phân cảnh làm món sushi trong phim hoạt hình stop motion Isle of Dogs là một trong những cảnh nấu ăn đã mắt nhất thuộc thể loại phim hoạt họa. 

Dù cảnh phim chỉ dài 45s, nhưng phải tốn hơn 30 ngày để thực hiện, và thêm 7 tháng nữa để hoàn thiện toàn bộ phân cảnh. Stop motion đúng thật sự là loại hình phim thách thức tính kiên nhẫn cao nhất đối với những người làm nghệ thuật.","CẢNH LÀM SUSHI TRONG ISLE OF DOGS

Đối với mình, phân cảnh làm món sushi trong phim hoạt hình stop motion Isle of Dogs là một trong những cảnh nấu ăn đã mắt nhất thuộc thể loại phim hoạt họa. 

Dù cảnh phim chỉ dài 45s, nhưng phải tốn hơn 30 ngày để thực hiện, và thêm 7 tháng nữa để hoàn thiện toàn bộ phân cảnh. Stop motion đúng thật sự là loại hình phim thách thức tính kiên nhẫn cao nhất đối với những người làm nghệ thuật.",66,"04/17/2026 06:03",N/A,https://www.facebook.com/reel/1662671741424108/,1,0,Video,,,,,"Trọn đời",49924,39136,1240,1178,8,54,1113110.083,28.447,0.06,0.01,7,1217,1217,,,49735,0,39113,0,27632,9100,27148,9100,27632,0,0,0,0,0,37506.14,1058031.033,15582.65,0,20.585,29.187,18.252,0,1,1,0.98,0.89,0.84,0.79,0.74,0.7,0.64,0.62,0.6,0.59,0.57,0.55,0.54,0.52,0.5,0.49,0.48,0.48,0.46,0.45,0.44,0.43,0.43,0.42,0.42,0.41,0.41,0.4,0.4,0.39,0.38,0.38,0.37,0.37,0.37,0.36,0.35,0.34,0.33,1,1,1,1,1,1,1,1,1,1,0.97,0.94,0.92,0.89,0.86,0.84,0.8,0.78,0.77,0.76,0.74,0.72,0.7,0.69,0.69,0.68,0.67,0.66,0.65,0.65,0.63,0.63,0.62,0.61,0.6,0.59,0.59,0.57,0.56,0.55,0.53,0,0,3476,8008,4105,8547,386,893,49,107,159,56,22,143,24735,211,491,106,41,138,136,132,431,47,13,24,,71,13,9,31,31,27,21,10,22,13,110,22,51,,,286,48,27,22,20,15,14,14,12,12,10,9,8,7,7,7,6,6,5,5,,,,,,,,,,,,
917511471121468,100085878705330,"Click Studio","HẬU TRƯỜNG PHIM CORALINE: CÁCH ĐƯA MÔ HÌNH NHÀ LÀM THỦ CÔNG VÀO PHIM STOP MOTION

Studio chuyên làm phim stop motion LAIKA đã giới thiệu hậu trường làm phim Coraline. Trong tập Crafts in Motion này, chúng ta sẽ được xem qua cách ngôi nhà Pink Palace 150 tuổi trong Coraline được thành hình. 

Theo như chia sẻ trong video, đội ngũ làm phim đã phải dựng thủ công 6 mô hình nhà để chia đều cho 2 thế giới trong phim. Sau đó, mỗi phiên bản sẽ được phủ 4-5 lớp sơn, rồi đắp thêm nhiều lớp texture để tăng tính nghệ thuật và chân thực. 

Click Studio sẽ sưu tầm và dịch phụ đề thêm cho các tập Craft in Motion khác đến từ LAIKA. Các bạn hãy follow và đón xem nhé!

#ClickStudio #SilverSwallowsStudio #DuyTanUniversity #LAIKAStudios #StopMotion #VFX #3DAnimation #DigitalArt #CGArt #BehindTheScenes #GameDevelopment #VisualEffects #Coraline.  .","HẬU TRƯỜNG PHIM CORALINE: CÁCH ĐƯA MÔ HÌNH NHÀ LÀM THỦ CÔNG VÀO PHIM STOP MOTION

Studio chuyên làm phim stop motion LAIKA đã giới thiệu hậu trường làm phim Coraline. Trong tập Crafts in Motion này, chúng ta sẽ được xem qua cách ngôi nhà Pink Palace 150 tuổi trong Coraline được thành hình. 

Theo như chia sẻ trong video, đội ngũ làm phim đã phải dựng thủ công 6 mô hình nhà để chia đều cho 2 thế giới trong phim. Sau đó, mỗi phiên bản sẽ được phủ 4-5 lớp sơn, rồi đắp thêm nhiều lớp texture để tăng tính nghệ thuật và chân thực. 

Click Studio sẽ sưu tầm và dịch phụ đề thêm cho các tập Craft in Motion khác đến từ LAIKA. Các bạn hãy follow và đón xem nhé!

#ClickStudio #SilverSwallowsStudio #DuyTanUniversity #LAIKAStudios #StopMotion #VFX #3DAnimation #DigitalArt #CGArt #BehindTheScenes #GameDevelopment #VisualEffects #Coraline.  .",72,"04/15/2026 06:00",N/A,https://www.facebook.com/reel/808944678502703/,1,0,Video,,,,,"Trọn đời",580,530,12,10,0,2,3770.976,7.365,0,0,0,6,6,,,580,0,530,0,203,12,189,12,203,0,0,0,0,0,392.445,3364.413,14.118,0,3.53,7.283,8.532,0,1,0.99,0.86,0.6,0.5,0.43,0.38,0.34,0.3,0.27,0.26,0.24,0.22,0.19,0.17,0.16,0.16,0.15,0.11,0.1,0.09,0.1,0.1,0.09,0.09,0.09,0.07,0.06,0.07,0.06,0.06,0.06,0.06,0.08,0.06,0.06,0.05,0.05,0.05,0.05,0.05,1,1,1,1,1,0.98,0.97,0.97,0.95,0.89,0.84,0.79,0.7,0.64,0.54,0.52,0.51,0.49,0.36,0.33,0.31,0.31,0.31,0.3,0.31,0.3,0.23,0.21,0.21,0.2,0.2,0.2,0.2,0.23,0.18,0.18,0.16,0.16,0.16,0.16,0.16,0,0,45,72,23,30,2,11,3,1,,1,,,179,3,4,,,4,4,1,,2,,,,1,,1,,,,,,1,,,,,1,1,1,,,,,,,,,,,,,,,,,,,,,,,,,,,,,,,
916732667866015,100085878705330,"Click Studio","IRON-SPIDER VS VENOM SPDR: ĐOẠN ANIMATION CỰC PHÊ

Đây là sản phẩm của animator Sarp Serter làm để quảng bá tựa game Marvel Rivals. Trong đoạn phim hoạt hình ngắn này, ta được chiêm ngưỡng màn đối đầu giữa Spider-Man mặc bộ giáp sắt đối đầu với người máy khổng lồ SPDR bị Venom điều khiển. Quả là một tác phẩm animation chất lượng cao cho những người mê hoạt hình lẫn fan của Spider-Man

#ClickStudio #SilverSwallowsStudio #Spiderman #marvel #marvelrivals #3danimation #DTU #animation #hoathinh","IRON-SPIDER VS VENOM SPDR: ĐOẠN ANIMATION CỰC PHÊ

Đây là sản phẩm của animator Sarp Serter làm để quảng bá tựa game Marvel Rivals. Trong đoạn phim hoạt hình ngắn này, ta được chiêm ngưỡng màn đối đầu giữa Spider-Man mặc bộ giáp sắt đối đầu với người máy khổng lồ SPDR bị Venom điều khiển. Quả là một tác phẩm animation chất lượng cao cho những người mê hoạt hình lẫn fan của Spider-Man

#ClickStudio #SilverSwallowsStudio #Spiderman #marvel #marvelrivals #3danimation #DTU #animation #hoathinh",62,"04/14/2026 06:00",uploaded,https://www.facebook.com/reel/950618904131416/,1,0,Video,,,,,"Trọn đời",494,349,13,12,0,1,4189.503,11.112,0,0,0,23,23,,,493,0,349,0,179,23,167,23,179,0,0,0,0,0,1096.682,3092.821,0,0,0,10.141,15.232,0,0.99,0.99,0.96,0.79,0.71,0.62,0.54,0.49,0.44,0.43,0.39,0.35,0.34,0.32,0.29,0.27,0.26,0.26,0.25,0.25,0.25,0.23,0.22,0.21,0.22,0.2,0.18,0.16,0.15,0.14,0.14,0.14,0.14,0.13,0.15,0.14,0.14,0.14,0.14,0.14,0.13,1,1,1,1,1,1,0.99,0.99,0.99,1,0.96,0.88,0.87,0.83,0.74,0.71,0.68,0.65,0.65,0.64,0.62,0.61,0.57,0.55,0.57,0.52,0.48,0.41,0.38,0.36,0.36,0.36,0.36,0.35,0.38,0.36,0.36,0.36,0.36,0.36,0.35,0,0,11,88,11,50,1,13,1,,,,,1,170,,1,,1,1,,1,,1,,,,1,,,,,1,,,,,,,,,,,,,,,,,,,,,,,1,,1,,,,,,,,,,,,,,,,
915234481349167,100085878705330,"Click Studio","HẬU TRƯỜNG PHIM STOP MOTION CỦA LAIKA: CÁCH TẠO HIỆU ỨNG NƯỚC

Việc diễn hoạt nước trong thể loại hoạt hình stop motion nghe có vẻ là một nhiệm vụ vô cùng phức tạp. Và nếu bạn đang tò mò không biết điều đó có thể được thực hiện như thế nào, hãy cùng xem qua đoạn video hậu trường về quá trình thực hiện các phân cảnh nước tĩnh vật đến từ LAIKA Studios. Những nghệ sĩ của studio này bao gồm Oliver Jones, Brian McLean, Martin Meunier, Brian Elliot và Steve Emerson đã trình bày một vài kỹ thuật mang tính đột phá của họ từng được ứng dụng trong năm bộ phim: Coraline, ParaNorman, The Boxtrolls, Kubo and the Two Strings và Missing Link.

Các nhà sáng tạo chia sẻ rằng họ khao khát giữ cho mọi thứ bám sát thực tế nhất có thể. Chẳng hạn, họ đã kiến tạo toàn bộ một chuỗi cảnh tắm dưới vòi hoa sen bằng những tia nước được in 3D. Ở một phân cảnh khác, các nghệ sĩ đã sử dụng một tấm kính và một chiếc vợt tennis khổng lồ để tạo ra chuyển động của nước, đồng thời phô diễn một phương thức đầy tinh vi để tạo ra hiệu ứng khúc xạ ánh sáng, khiến bối cảnh trở nên chân thực và nhập vai hơn. Tất nhiên, thật khó để chỉ sử dụng hoàn toàn các công cụ thủ công, và các nhà diễn hoạt đã kết hợp nhuần nhuyễn những hệ thống cơ học vật lý phức tạp cùng với các giải pháp kỹ thuật số.

#ClickStudio #SilverSwallowsStudio #DuyTanUniversity #LAIKAStudios #StopMotion #VFX #3DAnimation #DigitalArt #CGArt #BehindTheScenes #GameDevelopment #VisualEffects","HẬU TRƯỜNG PHIM STOP MOTION CỦA LAIKA: CÁCH TẠO HIỆU ỨNG NƯỚC

Việc diễn hoạt nước trong thể loại hoạt hình stop motion nghe có vẻ là một nhiệm vụ vô cùng phức tạp. Và nếu bạn đang tò mò không biết điều đó có thể được thực hiện như thế nào, hãy cùng xem qua đoạn video hậu trường về quá trình thực hiện các phân cảnh nước tĩnh vật đến từ LAIKA Studios. Những nghệ sĩ của studio này bao gồm Oliver Jones, Brian McLean, Martin Meunier, Brian Elliot và Steve Emerson đã trình bày một vài kỹ thuật mang tính đột phá của họ từng được ứng dụng trong năm bộ phim: Coraline, ParaNorman, The Boxtrolls, Kubo and the Two Strings và Missing Link.

Các nhà sáng tạo chia sẻ rằng họ khao khát giữ cho mọi thứ bám sát thực tế nhất có thể. Chẳng hạn, họ đã kiến tạo toàn bộ một chuỗi cảnh tắm dưới vòi hoa sen bằng những tia nước được in 3D. Ở một phân cảnh khác, các nghệ sĩ đã sử dụng một tấm kính và một chiếc vợt tennis khổng lồ để tạo ra chuyển động của nước, đồng thời phô diễn một phương thức đầy tinh vi để tạo ra hiệu ứng khúc xạ ánh sáng, khiến bối cảnh trở nên chân thực và nhập vai hơn. Tất nhiên, thật khó để chỉ sử dụng hoàn toàn các công cụ thủ công, và các nhà diễn hoạt đã kết hợp nhuần nhuyễn những hệ thống cơ học vật lý phức tạp cùng với các giải pháp kỹ thuật số.

#ClickStudio #SilverSwallowsStudio #DuyTanUniversity #LAIKAStudios #StopMotion #VFX #3DAnimation #DigitalArt #CGArt #BehindTheScenes #GameDevelopment #VisualEffects",102,"04/12/2026 06:00",N/A,https://www.facebook.com/reel/933780079450325/,1,0,Video,,,,,"Trọn đời",28874,26889,736,604,11,121,339136.95,13.351,0,0,0,787,786,1,,28815,0,26889,0,11326,1887,11303,1818,11326,0,0,0,0,0,4503.002,321765.329,12868.619,0,12.027,13.303,31.937,0,1,1,0.67,0.51,0.44,0.41,0.38,0.36,0.35,0.34,0.3,0.27,0.26,0.25,0.25,0.24,0.23,0.22,0.21,0.2,0.2,0.19,0.18,0.17,0.16,0.15,0.14,0.14,0.13,0.12,0.12,0.11,0.1,0.1,0.09,0.09,0.09,0.08,0.08,0.07,0.07,1,1,1,1,1,1,0.99,0.94,0.92,0.88,0.78,0.71,0.68,0.66,0.64,0.62,0.59,0.58,0.55,0.53,0.51,0.49,0.46,0.45,0.43,0.39,0.37,0.35,0.33,0.31,0.3,0.29,0.27,0.25,0.24,0.23,0.22,0.21,0.2,0.18,0.17,0,0,2376,2541,2542,2311,202,314,13,40,24,17,9,27,11181,16,19,7,2,20,11,6,13,8,3,1,1,4,1,2,3,,4,1,1,1,1,,1,4,,,6,,,1,,1,,2,,,,,,,,,,,1,,,,,,,1,,1,,1,1,
914466788092603,100085878705330,"Click Studio","SHORT ANIMATION 'CHRYSALIS' - TÁC PHẨM HOẠT HÌNH NGẮN LÀM TRONG 3 NĂM

Robin Lochmann vừa chính thức ra mắt ""Chrysalis"", một dự án phim ngắn 3D mang phong cách siêu thực. Điểm đáng kinh ngạc nhất của tác phẩm này là toàn bộ quá trình sản xuất kéo dài 3 năm ròng rã đều được thực hiện thủ công 100%, vinh danh sự sáng tạo nguyên bản của con người và hoàn toàn không có sự can thiệp của công nghệ tạo ảnh AI.

Về mặt thị giác, Chrysalis là sự pha trộn hoàn hảo giữa các cảnh quan thiên nhiên được quay thực tế tại Pháp và hệ thống nhân vật 3D được chế tác vô cùng tỉ mỉ. Lấy cảm hứng mạnh mẽ từ tập phim Jibaro trong series Love, Death & Robots, tác giả đã tinh tế lồng ghép các hiệu ứng chớp nháy màu sắc và thay đổi luminosity nhịp nhàng để kiến tạo một bầu không khí ma mị, tác động trực tiếp vào tiềm thức người xem.

Để tự mình hoàn thành khối lượng công việc khổng lồ này, Robin đã vận dụng một quy trình sản xuất  cực kỳ chặt chẽ: sử dụng Cinema 4D và iClone để xây dựng thế giới, kết hợp bộ đồ công nghệ Rokoko Smartsuit cho khâu Motion Capture. Phần trang phục phức tạp được xử lý mượt mà qua Marvelous Designer, trong khi ZBrush và Substance 3D Painter đảm nhận toàn bộ khâu điêu khắc và vật liệu. Cuối cùng, hình ảnh được kết xuất qua Octane Render và hậu kỳ kỹ lưỡng bằng DaVinci Resolve.

Một bài học xương máu được tác giả rút ra sau dự án chính là tầm quan trọng tối thượng của khâu tiền kỳ. Ban đầu, với tâm lý làm dự án cá nhân, anh chọn cách lao ngay vào sản xuất và làm việc theo bản năng mà không có Storyboard. Hậu quả là anh đã tốn rất nhiều thời gian đi sai hướng và phải đập đi xây lại ý tưởng liên tục. Lời khuyên chân thành dành cho các nhà làm phim độc lập: Hãy hoàn thành những bước lên kế hoạch khô khan trước, bởi nó sẽ là kim chỉ nam cứu sống dự án của bạn về lâu dài.

#ClickStudio #DuyTanUniversity #3Danimation #shortanimation","SHORT ANIMATION 'CHRYSALIS' - TÁC PHẨM HOẠT HÌNH NGẮN LÀM TRONG 3 NĂM

Robin Lochmann vừa chính thức ra mắt ""Chrysalis"", một dự án phim ngắn 3D mang phong cách siêu thực. Điểm đáng kinh ngạc nhất của tác phẩm này là toàn bộ quá trình sản xuất kéo dài 3 năm ròng rã đều được thực hiện thủ công 100%, vinh danh sự sáng tạo nguyên bản của con người và hoàn toàn không có sự can thiệp của công nghệ tạo ảnh AI.

Về mặt thị giác, Chrysalis là sự pha trộn hoàn hảo giữa các cảnh quan thiên nhiên được quay thực tế tại Pháp và hệ thống nhân vật 3D được chế tác vô cùng tỉ mỉ. Lấy cảm hứng mạnh mẽ từ tập phim Jibaro trong series Love, Death & Robots, tác giả đã tinh tế lồng ghép các hiệu ứng chớp nháy màu sắc và thay đổi luminosity nhịp nhàng để kiến tạo một bầu không khí ma mị, tác động trực tiếp vào tiềm thức người xem.

Để tự mình hoàn thành khối lượng công việc khổng lồ này, Robin đã vận dụng một quy trình sản xuất  cực kỳ chặt chẽ: sử dụng Cinema 4D và iClone để xây dựng thế giới, kết hợp bộ đồ công nghệ Rokoko Smartsuit cho khâu Motion Capture. Phần trang phục phức tạp được xử lý mượt mà qua Marvelous Designer, trong khi ZBrush và Substance 3D Painter đảm nhận toàn bộ khâu điêu khắc và vật liệu. Cuối cùng, hình ảnh được kết xuất qua Octane Render và hậu kỳ kỹ lưỡng bằng DaVinci Resolve.

Một bài học xương máu được tác giả rút ra sau dự án chính là tầm quan trọng tối thượng của khâu tiền kỳ. Ban đầu, với tâm lý làm dự án cá nhân, anh chọn cách lao ngay vào sản xuất và làm việc theo bản năng mà không có Storyboard. Hậu quả là anh đã tốn rất nhiều thời gian đi sai hướng và phải đập đi xây lại ý tưởng liên tục. Lời khuyên chân thành dành cho các nhà làm phim độc lập: Hãy hoàn thành những bước lên kế hoạch khô khan trước, bởi nó sẽ là kim chỉ nam cứu sống dự án của bạn về lâu dài.

#ClickStudio #DuyTanUniversity #3Danimation #shortanimation",366,"04/11/2026 06:01",N/A,https://www.facebook.com/reel/838770802572254/,1,0,Video,,,,,"Trọn đời",3298,2447,29,26,0,3,23535.69,8.363,0,0,0,127,126,1,,3268,0,2447,0,769,62,734,60,769,0,0,0,0,0,2064.864,21468.516,2.31,0,2.31,7.888,22.691,0,1,0.4,0.24,0.17,0.15,0.14,0.13,0.12,0.11,0.09,0.08,0.07,0.07,0.07,0.07,0.06,0.06,0.06,0.07,0.05,0.05,0.05,0.04,0.06,0.06,0.05,0.05,0.04,0.04,0.04,0.05,0.04,0.04,0.04,0.04,0.04,0.04,0.03,0.03,0.02,0.01,1,0.9,0.74,0.5,0.45,0.41,0.38,0.32,0.31,0.25,0.25,0.21,0.2,0.22,0.2,0.18,0.19,0.19,0.18,0.17,0.14,0.17,0.15,0.18,0.18,0.16,0.14,0.12,0.14,0.14,0.14,0.13,0.11,0.14,0.13,0.11,0.12,0.1,0.09,0.07,0.05,0,0,79,250,96,225,21,46,3,7,11,,1,3,759,2,,,,,1,,,,,,,4,,,,,,,,1,,1,,1,,,,,,,,,,,,,,,,,,,,,,,,,,,,,,,,,,
913601118179170,100085878705330,"Click Studio","NIPPETS - TỰA GAME CHILL CHILL VỚI ĐỘ HỌA VẼ TAY DỄ THƯƠNG

Nippets là một tựa game thể loại giải đố, tìm đồ nhẹ nhàng của studio Blink Industries, mới ra mắt ngày 7/4 vừa qua trên Steam. 

Điểm sáng giá nhất của Nippets nằm ở cách đội ngũ phát triển thiết kế một thế giới có tính tương tác cao . Trong không gian 2D được trau chuốt tỉ mỉ, người chơi không chỉ đơn thuần nhấp chuột để tìm đồ vật, mà còn có thể tác động vật lý lên môi trường như rung cành cây, bấm còi xe chở rác hay chơi đùa cùng những chú mèo ẩn nấp khắp bản đồ. Mọi bối cảnh đều được xây dựng với tư duy khuyến khích sự tò mò và khám phá tự nhiên.

Trải nghiệm game đưa người chơi đi qua một chu kỳ thời gian tuyến tính kéo dài bốn mùa: từ thành phố rực rỡ sắc xuân, bãi biển sôi động mùa hạ, khu rừng tĩnh lặng mùa thu cho đến khu nghỉ dưỡng trượt tuyết mùa đông. Bằng việc giải mã các câu đố, người chơi sẽ dần mở khóa các khu vực mới trên bản đồ, đồng thời xâu chuỗi những câu chuyện nhỏ được kể liền mạch xuyên suốt các mùa.

#ClickStudio #DuyTanUniversity #DTU #indiegame #gametrailer #2Danimation","NIPPETS - TỰA GAME CHILL CHILL VỚI ĐỘ HỌA VẼ TAY DỄ THƯƠNG

Nippets là một tựa game thể loại giải đố, tìm đồ nhẹ nhàng của studio Blink Industries, mới ra mắt ngày 7/4 vừa qua trên Steam. 

Điểm sáng giá nhất của Nippets nằm ở cách đội ngũ phát triển thiết kế một thế giới có tính tương tác cao . Trong không gian 2D được trau chuốt tỉ mỉ, người chơi không chỉ đơn thuần nhấp chuột để tìm đồ vật, mà còn có thể tác động vật lý lên môi trường như rung cành cây, bấm còi xe chở rác hay chơi đùa cùng những chú mèo ẩn nấp khắp bản đồ. Mọi bối cảnh đều được xây dựng với tư duy khuyến khích sự tò mò và khám phá tự nhiên.

Trải nghiệm game đưa người chơi đi qua một chu kỳ thời gian tuyến tính kéo dài bốn mùa: từ thành phố rực rỡ sắc xuân, bãi biển sôi động mùa hạ, khu rừng tĩnh lặng mùa thu cho đến khu nghỉ dưỡng trượt tuyết mùa đông. Bằng việc giải mã các câu đố, người chơi sẽ dần mở khóa các khu vực mới trên bản đồ, đồng thời xâu chuỗi những câu chuyện nhỏ được kể liền mạch xuyên suốt các mùa.

#ClickStudio #DuyTanUniversity #DTU #indiegame #gametrailer #2Danimation",44,"04/10/2026 02:01",N/A,https://www.facebook.com/reel/1651808076003660/,1,0,Video,,,,,"Trọn đời",215,128,5,5,0,0,696.089,3.824,0,0,0,2,2,,,215,0,128,0,55,0,48,0,55,0,0,0,0,0,317.044,379.045,0,0,0,3.24,4.878,0,1,1,1,0.96,0.76,0.56,0.55,0.42,0.35,0.33,0.29,0.24,0.22,0.18,0.18,0.18,0.11,0.09,0.07,0.07,0.07,0.05,0.05,0.04,0.04,0.04,0.05,0.05,0.05,0.05,0.04,0.04,0.04,0.02,0.02,0.02,0.02,0.02,0,0,0,1,1,1,1,1,1,1,1,1,1,1,1,1,1,1,1,0.67,0.56,0.44,0.44,0.44,0.22,0.22,0.22,0.22,0.22,0.22,0.22,0.22,0.22,0.11,0.11,0.11,0.11,0.11,0.11,0.11,0.11,0,0,0,0,0,,,,,,,,,,,,,,,,,,,,,,,,,,,,,,,,,,,,,,,,,,,,,,,,,,,,,,,,,,,,,,,,,,,,,,,,
912263024979646,100085878705330,"Click Studio","CG TRONG ANIME 'WANDANCE' VÀ HẬU TRƯỜNG MOCAP

Wandance là một bộ anime được sản xuất theo phong cách 3D CGI đến từ studio Madhouse và Cyclone Graphics. Tác phẩm không được đón nhận tích cực, chủ yếu là do phần CGI kém chất lượng dẫn đến những chuyển động thô cứng và vô hồn, mặc dù ứng dụng cả công nghệ mocap vào quá trình sản xuất. Dưới đây là một đoạn BTS mocap cho một phân cảnh dance battle trong phim. 

#ClickStudio #DuyTanUniversity #anime #3DCGI #3Danimation #motioncapture #mocap #hoathinh","CG TRONG ANIME 'WANDANCE' VÀ HẬU TRƯỜNG MOCAP

Wandance là một bộ anime được sản xuất theo phong cách 3D CGI đến từ studio Madhouse và Cyclone Graphics. Tác phẩm không được đón nhận tích cực, chủ yếu là do phần CGI kém chất lượng dẫn đến những chuyển động thô cứng và vô hồn, mặc dù ứng dụng cả công nghệ mocap vào quá trình sản xuất. Dưới đây là một đoạn BTS mocap cho một phân cảnh dance battle trong phim. 

#ClickStudio #DuyTanUniversity #anime #3DCGI #3Danimation #motioncapture #mocap #hoathinh",33,"04/08/2026 06:01",N/A,https://www.facebook.com/reel/949860144168890/,1,0,Video,,,,,"Trọn đời",199,134,7,7,0,0,1361.454,8.404,0,0,0,3,3,,,199,0,134,0,74,0,69,0,74,0,0,0,0,0,732.824,628.63,0,0,0,6.481,11.275,0,1,1,1,1,0.89,0.84,0.72,0.7,0.64,0.58,0.55,0.54,0.53,0.51,0.47,0.45,0.43,0.36,0.34,0.32,0.31,0.31,0.31,0.31,0.31,0.3,0.27,0.24,0.24,0.24,0.24,0.24,0.24,0.22,0.22,0.2,0.19,,,,,1,1,1,1,1,1,1,1,1,1,1,1,1,1,1,1,1,0.9,0.83,0.8,0.77,0.77,0.77,0.77,0.77,0.73,0.67,0.6,0.6,0.6,0.6,0.6,0.6,0.53,0.53,0.5,0.47,,,,,0,0,,,,,,,,,,,,,,,,,,,,,,,,,,,,,,,,,,,,,,,,,,,,,,,,,,,,,,,,,,,,,,,,,,,,,,,,
912130654992883,100085878705330,"Click Studio","HÌNH ẢNH TỪ ‘FROM FASHION TO VIRTUAL WORLDS: DISCOVER 3D CREATION’ - WORKSHOP ĐẾN TỪ CLO VÀ ĐẠI HỌC DUY TÂN",,0,"04/08/2026 02:00",N/A,https://www.facebook.com/click.studio.DTU/posts/pfbid0KRPgpVTmo427wQ9eE55j4pbWLxBTmFLUmLpj1CofaZ4viKAjQ86uPCf11X4y24jWl,0,0,Ảnh,,,,,"Trọn đời",1395,383,10,8,1,1,,,,,,46,17,,29,1395,0,383,0,0,0,0,0,0,0,0,0,0,0,0,0,0,0,0,0,0,0,,,,,,,,,,,,,,,,,,,,,,,,,,,,,,,,,,,,,,,,,,,,,,,,,,,,,,,,,,,,,,,,,,,,,,,,,,,,,,,,,,,0,0,,,,,,,,,,,,,,,,,,,,,,,,,,,,,,,,,,,,,,,,,,,,,,,,,,,,,,,,,,,,,,,,,,,,,,,,
907658625440086,100085878705330,"Click Studio","THE WITCHER 4 VFX BREAKDOWN

Cùng xem cách Eyeline Studios tạo nên thế giới huyền ảo của The Witcher 4 qua đoạn VFX breakdown này nhé! 

Credit: Eyeline Studios

#SilverSwallowsStudio #ClickStudio #DTU #Netflix  #3DAnimation #VFX #CGArt #BehindTheScenes #TechArt","THE WITCHER 4 VFX BREAKDOWN

Cùng xem cách Eyeline Studios tạo nên thế giới huyền ảo của The Witcher 4 qua đoạn VFX breakdown này nhé! 

Credit: Eyeline Studios

#SilverSwallowsStudio #ClickStudio #DTU #Netflix  #3DAnimation #VFX #CGArt #BehindTheScenes #TechArt",107,"04/02/2026 06:02",N/A,https://www.facebook.com/reel/2460552247791063/,1,0,Video,,,,,"Trọn đời",841,683,7,7,0,0,4793.174,6.906,0,0,0,21,21,,,837,0,683,0,255,13,236,13,255,0,0,0,0,0,682.176,4110.998,0,0,0,6.773,7.842,0,0.99,0.88,0.58,0.42,0.4,0.29,0.27,0.26,0.2,0.19,0.18,0.16,0.16,0.15,0.13,0.14,0.15,0.14,0.11,0.12,0.1,0.09,0.1,0.1,0.09,0.09,0.09,0.07,0.07,0.06,0.05,0.05,0.05,0.06,0.06,0.05,0.04,0.04,0.03,0.02,0.02,1,0.91,0.88,0.87,0.88,0.87,0.84,0.79,0.64,0.61,0.54,0.46,0.45,0.46,0.43,0.4,0.42,0.4,0.37,0.37,0.31,0.31,0.34,0.31,0.31,0.27,0.31,0.27,0.22,0.19,0.18,0.16,0.18,0.18,0.16,0.15,0.12,0.12,0.1,0.07,0.06,0,0,19,98,25,85,1,16,1,2,2,,,2,251,,,,,1,,1,,,,,,1,,,,,,,,,,,,,,,,,,,,,,1,,,,,,,,,,,,,,,,,,,,,,,,
906692675536681,100085878705330,"Click Studio","Nữ diễn viên mocap Xixiyu cùng các vai diễn của cô trong năm 2025

Dưới đây là video tổng hợp các vai diễn và tình huống diễn của nữ diễn viên mocap Xixiyu đã thực hiện trong năm qua, từ hành động, nhảy múa, cho đến các hành động thường ngày cho các dự án phim và game. 

Credit: xixi.yu.c trên TikTok

#ClickStudio #MotionCapture #suitactor #mocap #animation","Nữ diễn viên mocap Xixiyu cùng các vai diễn của cô trong năm 2025

Dưới đây là video tổng hợp các vai diễn và tình huống diễn của nữ diễn viên mocap Xixiyu đã thực hiện trong năm qua, từ hành động, nhảy múa, cho đến các hành động thường ngày cho các dự án phim và game. 

Credit: xixi.yu.c trên TikTok

#ClickStudio #MotionCapture #suitactor #mocap #animation",125,"04/01/2026 02:00",N/A,https://www.facebook.com/reel/1657201395630555/,1,0,Video,,,,,"Trọn đời",210,148,6,6,0,0,2118.482,12.461,0,0,0,2,2,,,208,0,148,0,83,10,75,10,83,0,0,0,0,0,1602.533,515.949,0,0,0,5.265,22.258,0,0.98,0.95,0.65,0.51,0.42,0.36,0.3,0.3,0.25,0.23,0.23,0.2,0.17,0.14,0.14,0.14,0.14,0.14,0.14,0.12,0.12,0.14,0.11,0.11,0.1,0.08,0.06,0.04,0.05,0.04,0.04,0.04,0.04,0.06,0.05,0.05,0.05,0.04,0.02,0.02,0.02,1,1,1,1,1,1,0.83,0.8,0.67,0.6,0.6,0.53,0.43,0.4,0.4,0.4,0.4,0.4,0.4,0.33,0.33,0.33,0.3,0.3,0.27,0.23,0.17,0.1,0.1,0.1,0.1,0.1,0.1,0.1,0.1,0.1,0.1,0.1,0.07,0.07,0.07,0,0,,,,,,,,,,,,,,,,,,,,,,,,,,,,,,,,,,,,,,,,,,,,,,,,,,,,,,,,,,,,,,,,,,,,,,,,
905905702282045,100085878705330,"Click Studio","WIP và Final result của anime đình đám My Hero Academia (Học viện anh hùng) mùa cuối.

#ClickStudio #DTU #anime #2danimation #animationWIP #MHA","WIP và Final result của anime đình đám My Hero Academia (Học viện anh hùng) mùa cuối.

#ClickStudio #DTU #anime #2danimation #animationWIP #MHA",17,"03/31/2026 02:01",uploaded,https://www.facebook.com/reel/827738276323085/,1,0,Video,,,,,"Trọn đời",214,146,5,5,0,0,854.14,5.054,0,0,0,2,2,,,214,0,146,0,51,0,48,0,51,0,0,0,0,0,352.075,502.065,0,0,0,4.366,6.52,0,1,1,1,1,0.94,0.86,0.73,0.61,0.55,0.49,0.45,0.39,0.35,0.35,0.35,0.31,0.29,0.29,0.27,0.22,0.22,,,,,,,,,,,,,,,,,,,,,1,1,1,1,1,1,1,1,1,1,1,1,1,1,1,1,1,1,1,0.79,0.79,,,,,,,,,,,,,,,,,,,,,0,0,,,,,,,,,,,,,,,,,,,,,,,,,,,,,,,,,,,,,,,,,,,,,,,,,,,,,,,,,,,,,,,,,,,,,,,,
905300942342521,100085878705330,"Click Studio","CHẠM THEN - SHORT ANIMATED SHORT FILM

Xin giới thiệu bộ phim hoạt hình ngắn Chạm Then của animator/2D Artist Linh Phương, được làm hoàn toàn trên Procreate Dreams.

Theo như lời giới thiệu của artist, bộ phim khám phá câu chuyện của một thầy Then khi chủ trì buổi lễ cầu Mùa cho dân bản. Khi tiếng đàn cất lên, thầy Then như bước vào một thế giới khác, vượt qua cổng trời, các vị thần canh giữ để mang những vật phẩm dân làng chuẩn bị dâng lên Ngọc Hoàng trên Mường trời, cầu mùa màng, bình an cho người dân ở Mường đất. 

Credit: Linh Phuong

#ClickStudio #SilverSwallowsStudio #procreate #2danimation #animation #hoathinh","CHẠM THEN - SHORT ANIMATED SHORT FILM

Xin giới thiệu bộ phim hoạt hình ngắn Chạm Then của animator/2D Artist Linh Phương, được làm hoàn toàn trên Procreate Dreams.

Theo như lời giới thiệu của artist, bộ phim khám phá câu chuyện của một thầy Then khi chủ trì buổi lễ cầu Mùa cho dân bản. Khi tiếng đàn cất lên, thầy Then như bước vào một thế giới khác, vượt qua cổng trời, các vị thần canh giữ để mang những vật phẩm dân làng chuẩn bị dâng lên Ngọc Hoàng trên Mường trời, cầu mùa màng, bình an cho người dân ở Mường đất. 

Credit: Linh Phuong

#ClickStudio #SilverSwallowsStudio #procreate #2danimation #animation #hoathinh",195,"03/30/2026 06:01",uploaded,https://www.facebook.com/reel/1470359981266780/,1,0,Video,,,,,"Trọn đời",580,436,10,8,1,1,3598.871,7.513,0,0,0,23,22,1,,575,0,436,0,182,13,159,13,182,0,0,0,0,0,786.103,2803.099,9.669,0,4.835,6.939,10.769,0,0.99,0.64,0.32,0.26,0.26,0.2,0.19,0.18,0.15,0.13,0.13,0.14,0.12,0.08,0.1,0.09,0.1,0.06,0.05,0.07,0.05,0.04,0.04,0.05,0.04,0.03,0.05,0.04,0.04,0.03,0.02,0.05,0.03,0.02,0.02,0.02,0.03,0.02,0.02,0.01,0,1,0.93,0.91,0.89,0.74,0.61,0.57,0.52,0.48,0.41,0.39,0.39,0.35,0.26,0.28,0.2,0.22,0.2,0.15,0.17,0.13,0.11,0.11,0.07,0.09,0.09,0.09,0.04,0.11,0.07,0.07,0.09,0.07,0.07,0.04,0.02,0.09,0.07,0.07,0.02,0,0,0,20,69,22,53,2,5,1,,3,,,1,180,,,,,1,,,,,,,,,,,,,,,,,,,,,,,,,,,,,,,,,,,,,,,,,,,,,,,,,,,,,,1
1399209492006394,100057520686184,DayDreamer,"Nhìn tưởng là clip cắt ra từ game PS1 nào đó, nhưng thật ra đây là đoạn quảng cáo hoàn toàn do người đóng.

Trong đoạn quảng cáo Your Way Out do Oscar Hudson đạo diễn, diễn viên sẽ di chuyển như các phần game GTA hồi xưa, và đeo mặt nạ cũng như trang phục low poly 2D. Các yếu tố giao diện cũng được chế tác bằng vật liệu thực tế, trong khi bối cảnh môi trường được đánh sáng theo hướng không tạo ra shadow để truyền tải trọn vẹn phong cách game retro trên hệ máy PS1. 

Lâu rồi mới xem được quảng cáo sáng tạo như này, xem xong thấy đây là một ý tưởng hay ho cho một bộ phim ngắn hoặc feature-length.","Nhìn tưởng là clip cắt ra từ game PS1 nào đó, nhưng thật ra đây là đoạn quảng cáo hoàn toàn do người đóng.

Trong đoạn quảng cáo Your Way Out do Oscar Hudson đạo diễn, diễn viên sẽ di chuyển như các phần game GTA hồi xưa, và đeo mặt nạ cũng như trang phục low poly 2D. Các yếu tố giao diện cũng được chế tác bằng vật liệu thực tế, trong khi bối cảnh môi trường được đánh sáng theo hướng không tạo ra shadow để truyền tải trọn vẹn phong cách game retro trên hệ máy PS1. 

Lâu rồi mới xem được quảng cáo sáng tạo như này, xem xong thấy đây là một ý tưởng hay ho cho một bộ phim ngắn hoặc feature-length.",129,"03/28/2026 06:01",N/A,https://www.facebook.com/reel/1614948029780948/,1,0,Video,,,,,"Trọn đời",239848,220203,5671,5031,67,573,4104134.185,20.205,0,0,0,23205,23200,5,,238187,0,220203,0,106453,21333,104491,21333,106453,0,0,0,0,0,81017.561,3893029.056,130087.568,0,12.159,20.788,15.75,0,1,0.97,0.73,0.6,0.53,0.47,0.43,0.41,0.37,0.34,0.32,0.31,0.28,0.26,0.25,0.24,0.24,0.23,0.21,0.2,0.2,0.19,0.18,0.18,0.17,0.17,0.16,0.16,0.16,0.16,0.15,0.15,0.15,0.15,0.14,0.14,0.14,0.13,0.13,0.1,0.07,1,1,0.99,0.99,0.99,0.94,0.86,0.81,0.75,0.69,0.64,0.62,0.56,0.53,0.51,0.49,0.47,0.45,0.43,0.4,0.39,0.38,0.36,0.36,0.35,0.35,0.33,0.32,0.32,0.32,0.3,0.3,0.3,0.29,0.29,0.28,0.27,0.26,0.25,0.2,0.14,0,0,9884,39648,10148,34453,1000,6602,116,165,590,95,62,426,102931,433,633,221,73,411,241,101,210,111,39,12,5,159,11,34,55,21,76,26,13,45,9,6,89,58,,,212,,,8,,9,6,30,,,,7,,7,6,10,,,13,,22,13,9,8,8,7,6,5,4,,,
903627539176528,100085878705330,"Click Studio","Cách phân cảnh kinh điển của phim UP thành hình

Tác phẩm hoạt hình Up của Pixar là một trong những bộ phim hoạt hình hay và xúc động nhất của thế kỷ 21. Yếu tố gây xúc động đó chủ yếu đến từ phân đoạn kể về quá khứ của vợ chồng ông Carl, từ khi cả hai còn là hai đứa trẻ cho đến khi vợ mất, còn chỉ Carl sống đơn độc trong căn nhà nhỏ. 

Mời mọi người xem cách phân đoạn này thành hình, từ công đoạn storyboard và layout thô sơ, cho đến bước animation, simulation, và cho ra đoạn phim hoàn chỉnh nhé. 

Credit: Pixar

#SilverSwallowsStudio #ClickStudio #Pixar #Disney #animationprogression #up #animation","Cách phân cảnh kinh điển của phim UP thành hình

Tác phẩm hoạt hình Up của Pixar là một trong những bộ phim hoạt hình hay và xúc động nhất của thế kỷ 21. Yếu tố gây xúc động đó chủ yếu đến từ phân đoạn kể về quá khứ của vợ chồng ông Carl, từ khi cả hai còn là hai đứa trẻ cho đến khi vợ mất, còn chỉ Carl sống đơn độc trong căn nhà nhỏ. 

Mời mọi người xem cách phân đoạn này thành hình, từ công đoạn storyboard và layout thô sơ, cho đến bước animation, simulation, và cho ra đoạn phim hoàn chỉnh nhé. 

Credit: Pixar

#SilverSwallowsStudio #ClickStudio #Pixar #Disney #animationprogression #up #animation",265,"03/28/2026 02:00",uploaded,https://www.facebook.com/reel/962815033091753/,1,0,Video,,,,,"Trọn đời",505,408,5,5,0,0,2700.583,6.354,0,0,0,7,7,,,503,0,408,0,138,7,126,7,138,0,0,0,0,0,382.093,2318.49,0,0,0,6.388,6.163,0,0.99,0.42,0.29,0.22,0.18,0.14,0.1,0.09,0.07,0.06,0.04,0.04,0.03,0.03,0.02,0.01,0.01,0.02,0.01,0.01,0.01,0.01,0.01,0.01,0.01,0.01,0.01,0.01,0.01,0.01,0.01,0.01,0.01,0.01,0.01,0.01,0,0.01,0,0,0,1,1,0.97,0.81,0.68,0.51,0.38,0.32,0.27,0.22,0.16,0.16,0.11,0.11,0.08,0.05,0.05,0.05,0.03,0.05,0.05,0.05,0.03,0.05,0.05,0.05,0.03,0.05,0.03,0.03,0.05,0.03,0.05,0.05,0.05,0.05,0,0.03,0,0,0,0,0,16,43,19,45,3,6,1,2,1,,,,134,1,1,,,,,1,,,,,,,,,,,1,,,,,,,,,,,,,,,,,,,,,,,,,,,,,,,,,,,,,,,,,
901110676094881,100085878705330,"Click Studio","Hậu trường Facial Animation của một phân đoạn trong phim Pinocchio

Dưới đây là một đoạn behind-the-scenes cho ta thấy cách các nhà làm phim tạo nên những biểu cảm và chuyển động khuôn mặt cho các nhân vật trong Pinocchio - bộ phim hoạt hình đoạt giải Oscar của đạo diễn Guillermo del Toro. Thế mới biết rõ được để làm nên một cảnh phim ngắn thể loại stop motion thì các nhà sáng tạo đã phải tốn nhiều thời gian và công sức như thế nào.

Credit: Savanimatioz

#SilverSwallowsStudio #ClickStudio #DTU #Netflix  #3DAnimation #VFX #AnimationPipeline #CGArt #BehindTheScenes #TechArt","Hậu trường Facial Animation của một phân đoạn trong phim Pinocchio

Dưới đây là một đoạn behind-the-scenes cho ta thấy cách các nhà làm phim tạo nên những biểu cảm và chuyển động khuôn mặt cho các nhân vật trong Pinocchio - bộ phim hoạt hình đoạt giải Oscar của đạo diễn Guillermo del Toro. Thế mới biết rõ được để làm nên một cảnh phim ngắn thể loại stop motion thì các nhà sáng tạo đã phải tốn nhiều thời gian và công sức như thế nào.

Credit: Savanimatioz

#SilverSwallowsStudio #ClickStudio #DTU #Netflix  #3DAnimation #VFX #AnimationPipeline #CGArt #BehindTheScenes #TechArt",16,"03/25/2026 01:51",auto,https://www.facebook.com/reel/2536485440099648/,1,0,Video,,,,,"Trọn đời",1229,825,23,21,0,2,7168.577,8.394,0,0,0,25,25,,,1229,0,825,0,473,0,443,0,473,0,0,0,0,0,879.569,6287.135,1.873,0,0.937,8.451,8.145,0,1,1,1,1,0.87,0.76,0.65,0.58,0.55,0.5,0.46,0.43,0.41,0.39,0.37,0.36,0.34,,,,,,,,,,,,,,,,,,,,,,,,,1,1,1,1,1,1,1,1,1,1,1,1,1,1,1,1,0.98,,,,,,,,,,,,,,,,,,,,,,,,,0,0,61,194,48,108,7,29,2,2,6,1,,,458,3,1,,,2,,1,1,2,,,,1,,,,,,,,1,1,1,1,,,,,,,,,,,,,,,,,,,,,,,,,,,,,,,,,,,
